Date,Close,High,Low,Open,Volume,date_weekday,netChangeRatio,positive
2020-01-02,28.68400001525879,28.713333129882812,28.11400032043457,28.299999237060547,142981500,3,,0
2020-01-03,29.534000396728516,30.266666412353516,29.128000259399418,29.36666679382324,266677500,4,2.963325829792085,1
2020-01-06,30.1026668548584,30.104000091552734,29.333332061767575,29.364667892456055,151995000,0,1.925463704513497,1
2020-01-07,31.270666122436523,31.441999435424805,30.224000930786133,30.760000228881836,268231500,1,3.880052465815398,1
2020-01-08,32.80933380126953,33.232666015625,31.215333938598633,31.579999923706055,467164500,2,4.920482578812169,1
2020-01-09,32.089332580566406,33.253334045410156,31.524667739868164,33.13999938964844,426606000,3,-2.1945011900097344,0
2020-01-10,31.87666702270508,32.3293342590332,31.579999923706055,32.11933135986328,194392500,4,-0.6627297633174156,0
2020-01-13,34.990665435791016,35.04199981689453,32.79999923706055,32.900001525878906,397764000,0,9.76889588509331,1
2020-01-14,35.861331939697266,36.49399948120117,34.99333190917969,36.28400039672851,434943000,1,2.4882822120200876,1
2020-01-15,34.56666564941406,35.85599899291992,34.452667236328125,35.31733322143555,260532000,2,-3.6102013513057862,0
2020-01-16,34.232666015625,34.297332763671875,32.81133270263672,32.91666793823242,326050500,3,-0.9662477636014799,0
2020-01-17,34.03333282470703,34.37799835205078,33.54399871826172,33.840667724609375,204436500,4,-0.5822894156913949,0
2020-01-21,36.47999954223633,36.571998596191406,35.227333068847656,35.349998474121094,267052500,1,7.1890306192789355,1
2020-01-22,37.97066879272461,39.633331298828125,37.27333450317383,38.125999450683594,470535000,2,4.086264444061727,1
2020-01-23,38.14666748046875,38.79999923706055,37.040000915527344,37.616668701171875,294765000,3,0.4635122144013071,1
2020-01-24,37.654666900634766,38.25733184814453,36.95066833496094,38.04199981689453,215304000,4,-1.2897603180825445,0
2020-01-27,37.20133209228515,37.62933349609375,35.95199966430664,36.132667541503906,204121500,0,-1.2039272835579706,0
2020-01-28,37.793331146240234,38.45399856567383,37.2053337097168,37.89933395385742,176827500,1,1.591338322204483,1
2020-01-29,38.732666015625,39.31999969482422,37.82866668701172,38.37933349609375,267022500,2,2.4854513769903885,1
2020-01-30,42.72066879272461,43.391998291015625,41.20000076293945,42.16133117675781,435085500,3,10.296225866535558,1
2020-01-31,43.371334075927734,43.53333282470703,42.167999267578125,42.66666793823242,235789500,4,1.5230690473505337,1
2020-02-03,52.0,52.409332275390625,44.90133285522461,44.91266632080078,705975000,0,19.8948593763949,1
2020-02-04,59.137332916259766,64.59933471679688,55.59199905395508,58.86399841308594,914082000,1,13.725640223576473,1
2020-02-05,48.97999954223633,56.39866638183594,46.94066619873047,54.88399887084961,726357000,2,-17.17583947927872,0
2020-02-06,49.930667877197266,53.05533218383789,45.79999923706055,46.66133117675781,598212000,3,1.940931694254422,1
2020-02-07,49.871334075927734,51.31666564941406,48.66666793823242,48.70333480834961,255952500,4,-0.1188323805631053,0
2020-02-10,51.41866683959961,54.66600036621094,50.15999984741211,53.33333206176758,370338000,0,3.1026496329857656,1
2020-02-11,51.62533187866211,52.23400115966797,50.53333282470703,51.25266647338867,175462500,1,0.4019260937028868,1
2020-02-12,51.15266799926758,52.650001525878906,50.891334533691406,51.858001708984375,180337500,2,-0.9155657933695438,0
2020-02-13,53.599998474121094,54.53333282470703,49.0,49.45600128173828,394339500,3,4.7843652551780025,1
2020-02-14,53.33533477783203,54.198001861572266,52.366668701171875,52.4813346862793,235405500,4,-0.49377556683485313,0
2020-02-18,57.22666549682617,57.33333206176758,55.490665435791016,56.106666564941406,245725500,1,7.29597130158357,1
2020-02-19,61.16133117675781,62.98533248901367,60.06800079345703,61.56666564941406,381345000,2,6.8755808953255615,1
2020-02-20,59.96066665649414,60.79999923706055,57.3293342590332,60.79666519165039,264523500,3,-1.9631105097986157,0
2020-02-21,60.06666564941406,60.87066650390625,58.6966667175293,60.46533203125,214722000,4,0.17678087791648256,1
2020-02-24,55.58599853515625,57.56666564941406,54.813331604003906,55.93333435058594,227883000,0,-7.459490327646511,0
2020-02-25,53.32733154296875,57.106666564941406,52.46666717529297,56.599998474121094,259357500,1,-4.06337396414489,0
2020-02-26,51.91999816894531,54.22066879272461,51.740665435791016,52.16666793823242,211282500,2,-2.6390470576789893,0
2020-02-27,45.26666641235352,49.31800079345703,44.599998474121094,48.66666793823242,364158000,3,-12.814583958462688,0
2020-02-28,44.53266525268555,46.03466796875,40.76800155639648,41.97999954223633,363343500,4,-1.6215047800994253,0
2020-03-02,49.574668884277344,49.5793342590332,45.77799987792969,47.41733169555664,302925000,0,11.322034293215232,1
2020-03-03,49.70066833496094,53.79866790771485,47.740665435791016,53.66666793823242,386760000,1,0.25416095259802596,1
2020-03-04,49.96666717529297,51.10133361816406,48.31533432006836,50.930667877197266,225735000,2,0.5352017372066697,1
2020-03-05,48.30266571044922,49.71666717529297,47.871334075927734,48.2513313293457,162790500,3,-3.3302230445070524,0
2020-03-06,46.89866638183594,47.133331298828125,45.61800003051758,46.0,189943500,4,-2.9066704869448956,0
2020-03-09,40.53333282470703,44.20000076293945,40.33333206176758,40.35933303833008,256105500,0,-13.572525720249962,0
2020-03-10,43.02199935913086,44.53333282470703,40.53333282470703,43.96200180053711,233916000,1,6.139802382366311,1
2020-03-11,42.28200149536133,43.571998596191406,40.866668701171875,42.68000030517578,199837500,2,-1.7200452670558586,0
2020-03-12,37.369998931884766,39.633331298828125,36.41666793823242,38.72600173950195,283636500,3,-11.617242301113507,0
2020-03-13,36.44133377075195,40.50466537475586,33.46666717529297,39.66666793823242,339604500,4,-2.48505535904755,0
2020-03-16,29.67133331298828,32.9913330078125,29.47800064086914,31.299999237060547,307342500,0,-18.57780645558401,0
2020-03-17,28.68000030517578,31.456666946411133,26.399999618530273,29.333999633789062,359919000,1,-3.341046380880208,0
2020-03-18,24.08133316040039,26.99066734313965,23.367332458496097,25.933332443237305,356793000,2,-16.03440409986845,0
2020-03-19,28.50933265686035,30.13333320617676,23.8973331451416,24.979999542236328,452932500,3,18.387684215678778,1
2020-03-20,28.50200080871582,31.799999237060547,28.38599967956543,29.213333129882812,424282500,4,-0.025717361513777348,0
2020-03-23,28.952667236328125,29.46666717529297,27.36666679382324,28.906667709350582,246817500,0,1.5811747064244486,1
2020-03-24,33.66666793823242,34.24599838256836,31.600000381469727,31.81999969482422,343428000,1,16.281749323562988,1
2020-03-25,35.95000076293945,37.133331298828125,34.07400131225586,36.349998474121094,318340500,2,6.782176450892674,1
2020-03-26,35.21066665649414,37.33333206176758,34.150001525878906,36.49266815185547,260710500,3,-2.0565621439638027,0
2020-03-27,34.29066848754883,35.0533332824707,32.935333251953125,33.66666793823242,215661000,4,-2.6128393930185068,0
2020-03-30,33.47533416748047,34.44333267211914,32.7486686706543,34.017333984375,179971500,0,-2.377714859552571,0
2020-03-31,34.93333435058594,36.19733428955078,33.133331298828125,33.41666793823242,266572500,1,4.355446239344318,1
2020-04-01,32.104000091552734,34.26333236694336,31.67333221435547,33.599998474121094,200298000,2,-8.099239055277142,0
2020-04-02,30.29800033569336,32.95066833496094,29.760000228881836,32.068668365478516,297876000,3,-5.625466454987249,0
2020-04-03,32.000667572021484,34.36600112915039,31.22599983215332,33.96666717529297,338431500,4,5.619734693587186,1
2020-04-06,34.41600036621094,34.733333587646484,33.19733428955078,34.08000183105469,223527000,0,7.547757523349929,1
2020-04-07,36.36333465576172,37.66666793823242,35.48933410644531,36.33333206176758,268797000,1,5.658223700690801,1
2020-04-08,36.589332580566406,37.14733123779297,35.55533218383789,36.9466667175293,189840000,2,0.6214994497730331,1
2020-04-09,38.20000076293945,38.345333099365234,37.14066696166992,37.4726676940918,204750000,3,4.402015748241661,1
2020-04-13,43.39666748046875,43.46666717529297,38.70199966430664,39.34400177001953,337131000,0,13.603839302984921,1
2020-04-14,47.32600021362305,49.45866775512695,46.1619987487793,46.597999572753906,458647500,1,9.054457315006381,1
2020-04-15,48.65533447265625,50.20866775512695,47.33333206176758,49.46666717529297,353655000,2,2.8088878270565276,1
2020-04-16,49.680667877197266,50.630001068115234,47.11466598510742,47.79600143432617,309868500,3,2.1073401625000487,1
2020-04-17,50.259334564208984,51.663333892822266,49.84400177001953,51.48533248901367,196923000,4,1.164772358620647,1
2020-04-20,49.75733184814453,51.03799819946289,47.48066711425781,48.8466682434082,221199000,0,-0.9988248360573104,0
2020-04-21,45.78133392333984,50.22200012207031,44.919334411621094,48.67466735839844,303136500,1,-7.990777996173771,0
2020-04-22,48.807334899902344,48.93333435058594,45.91400146484375,46.93199920654297,212482500,2,6.609682849410858,1
2020-04-23,47.04199981689453,48.93333435058594,46.87533187866211,48.50666809082031,198550500,3,-3.6169462779073958,0
2020-04-24,48.34333419799805,48.71533203125,46.54533386230469,47.387332916259766,198180000,4,2.766324531628772,1
2020-04-27,53.25,53.29933166503906,49.0,49.17399978637695,310221000,0,10.149622245552825,1
2020-04-28,51.27466583251953,53.66666793823242,50.44599914550781,53.042667388916016,228330000,1,-3.7095477323576875,0
2020-04-29,53.367332458496094,53.54666519165039,52.21066665649414,52.678001403808594,243240000,2,4.081287692467694,1
2020-04-30,52.12533187866211,57.987998962402344,50.900001525878906,57.01266860961914,427078500,3,-2.327267492336982,0
2020-05-01,46.75466537475586,51.51800155639648,45.5359992980957,50.33333206176758,487977000,4,-10.303371336624089,0
2020-05-04,50.74599838256836,50.79999923706055,46.53333282470703,46.73333358764648,288556500,0,8.536758793631606,1
2020-05-05,51.2140007019043,53.26133346557617,50.8120002746582,52.65266799926758,254875500,1,0.9222447764407393,1
2020-05-06,52.172000885009766,52.6533317565918,50.740665435791016,51.76666641235352,166848000,2,1.8705825945557253,1
2020-05-07,52.00266647338867,53.09333419799805,51.4900016784668,51.81399917602539,172915500,3,-0.3245695176505081,0
2020-05-08,54.62799835205078,54.93333435058594,52.46733474731445,52.917999267578125,241297500,4,5.048456274844226,1
2020-05-11,54.08599853515625,54.93333435058594,52.33333206176758,52.70066833496094,247794000,0,-0.9921648847567299,0
2020-05-12,53.96066665649414,56.21933364868164,53.866668701171875,55.133331298828125,238603500,1,-0.2317270311292141,0
2020-05-13,52.73066711425781,55.06666564941406,50.88666534423828,54.72200012207031,285982500,2,-2.279437261341355,0
2020-05-14,53.55533218383789,53.557334899902344,50.93333435058594,52.0,205233000,3,1.5639192802040291,1
2020-05-15,53.27799987792969,53.66999816894531,52.436668395996094,52.689998626708984,157776000,4,-0.5178425650618879,0
2020-05-18,54.242000579833984,55.64799880981445,53.59199905395508,55.185333251953125,174987000,0,1.8093785504579962,1
2020-05-19,53.867332458496094,54.80466842651367,53.73866653442383,54.34466552734375,144547500,1,-0.6907343337870575,0
2020-05-20,54.37066650390625,55.06666564941406,54.119998931884766,54.70000076293945,109639500,2,0.934395713390801,1
2020-05-21,55.17333221435547,55.5,53.06666564941406,54.400001525878906,183819000,3,1.476284478490908,1
2020-05-22,54.45866775512695,55.45199966430664,54.133331298828125,54.81133270263672,149812500,4,-1.2953077701596039,0
2020-05-26,54.591331481933594,55.63999938964844,54.38066864013672,55.633331298828125,121345500,1,0.24360442933191173,1
2020-05-27,54.68199920654297,55.180667877197266,52.33333206176758,54.7239990234375,173242500,2,0.16608447192643094,1
2020-05-28,53.72066879272461,54.98333358764648,53.44599914550781,54.23400115966797,108834000,3,-1.7580381620416863,0
2020-05-29,55.66666793823242,55.66666793823242,53.61399841308594,53.91666793823242,176467500,4,3.6224402808837652,1
2020-06-01,59.87333297729492,59.93333435058594,56.939998626708984,57.20000076293945,224092500,0,7.556883131087,1
2020-06-02,58.77066802978515,60.57733154296875,58.06666564941406,59.64666748046875,203484000,1,-1.8416628784101996,0
2020-06-03,58.86399841308594,59.862667083740234,58.67333221435547,59.20800018310547,119242500,2,0.15880436011632693,1
2020-06-04,57.62533187866211,59.71666717529297,57.22933197021485,59.32533264160156,133315500,3,-2.1042854169221026,0
2020-06-05,59.04399871826172,59.10133361816406,57.74666595458984,58.522666931152344,117178500,4,2.4618805538279664,1
2020-06-08,63.327999114990234,63.33333206176758,60.61066818237305,61.26666641235352,212620500,0,7.25560681818036,1
2020-06-09,62.711334228515625,63.62933349609375,61.595333099365234,62.66733169555664,170823000,1,-0.9737634144336038,0
2020-06-10,68.336669921875,68.49866485595703,65.5,66.12533569335938,278451000,2,8.970205725269786,1
2020-06-11,64.85600280761719,67.9306640625,64.80000305175781,66.01333618164062,238747500,3,-5.09341048991272,0
2020-06-12,62.35200119018555,65.8653335571289,60.84000015258789,65.33333587646484,251451000,4,-3.860863311078977,0
2020-06-15,66.05999755859375,66.5893325805664,60.56666564941406,61.18600082397461,235458000,0,5.94687627923618,1
2020-06-16,65.47533416748047,67.52532958984375,64.15933227539062,67.4566650390625,210766500,1,-0.8850490655781473,0
2020-06-17,66.11933135986328,67.0,65.50466918945312,65.84733581542969,148362000,2,0.9835722116904755,1
2020-06-18,66.9306640625,67.94667053222656,66.2979965209961,66.86666870117188,146278500,3,1.2270733625858066,1
2020-06-19,66.72666931152344,67.73133087158203,66.0893325805664,67.51866912841797,130195500,4,-0.30478518902198326,0
2020-06-22,66.28800201416016,67.2586669921875,66.00133514404297,66.663330078125,95436000,0,-0.6574092516371532,0
2020-06-23,66.78533172607422,67.46666717529297,66.267333984375,66.59200286865234,95479500,1,0.7502559992799585,1
2020-06-24,64.0566635131836,66.72533416748047,63.542667388916016,66.27400207519531,164394000,2,-4.085729818760941,0
2020-06-25,65.73200225830078,65.73200225830078,62.47666549682617,63.61800003051758,138817500,3,2.615401198303724,1
2020-06-26,63.982666015625,66.33333587646484,63.65800094604492,66.31866455078125,132823500,4,-2.6613159231048233,0
2020-06-29,67.29000091552734,67.33333587646484,63.23466873168945,64.60066986083984,135396000,0,5.169110801188981,1
2020-06-30,71.98733520507812,72.51266479492188,66.91533660888672,67.0999984741211,253777500,1,6.98073149894527,1
2020-07-01,74.64199829101562,75.68866729736328,72.03333282470703,72.19999694824219,199903500,2,3.687680726581788,1
2020-07-02,80.57733154296875,81.86666870117188,79.04000091552734,81.43199920654297,258751500,3,7.951734128033849,1
2020-07-06,91.43866729736328,91.85266876220705,84.40266418457031,85.11266326904297,308548500,0,13.47939370342961,1
2020-07-07,92.65733337402344,95.3000030517578,89.11399841308594,93.6673355102539,322345500,1,1.3327688522591696,1
2020-07-08,91.05867004394533,94.48400115966795,87.42266845703125,93.66666412353516,244669500,2,-1.725350030984485,0
2020-07-09,92.9520034790039,93.90399932861328,90.08533477783205,93.1326675415039,175764000,3,2.079245649145589,1
2020-07-10,102.97666931152344,103.2613296508789,91.73400115966795,93.06666564941406,350064000,4,10.784776505418648,1
2020-07-13,99.8040008544922,119.66600036621094,98.0739974975586,110.5999984741211,584781000,0,-3.080958510547016,0
2020-07-14,101.12000274658205,106.0,95.4000015258789,103.73332977294922,351271500,1,1.3185863099901995,1
2020-07-15,103.06732940673828,103.33333587646484,97.13333129882812,102.86666870117188,245517000,2,1.9257581163604653,1
2020-07-16,100.04266357421876,102.11399841308594,97.73332977294922,98.47733306884766,214512000,3,-2.934650436689956,0
2020-07-17,100.05599975585938,102.50066375732422,99.33333587646484,100.89666748046876,139950000,4,0.013330494375241031,1
2020-07-20,109.53333282470705,110.0,99.1999969482422,101.267333984375,256821000,0,9.472028755869456,1
2020-07-21,104.55733489990234,111.66666412353516,103.86666870117188,109.32866668701172,241608000,1,-4.542907438750266,0
2020-07-22,106.15533447265624,108.4280014038086,104.13333129882812,106.5999984741211,212416500,2,1.5283476518254124,1
2020-07-23,100.87133026123048,112.5999984741211,98.71800231933594,111.93000030517578,364927500,3,-4.977615338574271,0
2020-07-24,94.46666717529295,97.66666412353516,91.10266876220705,94.40066528320312,290949000,4,-6.34933937061315,0
2020-07-27,102.63999938964844,103.1959991455078,94.1999969482422,95.66666412353516,240730500,0,8.652080631985237,1
2020-07-28,98.43267059326172,104.3133316040039,98.29467010498048,100.26667022705078,237130500,1,-4.099112257799797,0
2020-07-29,99.94066619873048,102.32066345214844,99.13333129882812,100.06666564941406,141403500,2,1.532007204904584,1
2020-07-30,99.16600036621094,100.8826675415039,98.06666564941406,99.1999969482422,114315000,3,-0.7751257440881343,0
2020-07-31,95.38400268554688,101.13666534423828,94.73200225830078,101.0,183123000,4,-3.8138047987188117,0
2020-08-03,99.0,100.65399932861328,96.29199981689452,96.61333465576172,132139500,0,3.7909892777031162,1
2020-08-04,99.13333129882812,101.82733154296876,97.46666717529295,99.6673355102539,126225000,1,0.13467807962437295,1
2020-08-05,99.00133514404295,99.98933410644533,97.88733673095705,99.5326690673828,74217000,2,-0.1331501252462508,0
2020-08-06,99.30533599853516,101.15399932861328,98.48400115966795,99.38866424560548,89884500,3,0.3070674289896047,1
2020-08-07,96.84733581542967,99.98332977294922,94.33399963378906,99.96932983398438,133446000,4,-2.4751944680412197,0
2020-08-10,94.5713348388672,97.16666412353516,92.38933563232422,96.53333282470705,112834500,0,-2.3500914685975927,0
2020-08-11,91.6259994506836,94.66666412353516,91.0,93.06666564941406,129387000,1,-3.1144060652225525,0
2020-08-12,103.65066528320312,105.66666412353516,95.66666412353516,98.0,327441000,2,13.123639474177452,1
2020-08-13,108.06666564941406,110.07866668701172,104.48400115966795,107.4000015258789,306379500,3,4.260465047807616,1
2020-08-14,110.04733276367188,111.25333404541016,108.44266510009766,110.99933624267578,188664000,4,1.832819678811437,1
2020-08-17,122.3759994506836,123.05733489990234,111.52200317382812,111.8000030517578,303634500,0,11.203058154519475,1
2020-08-18,125.80599975585938,128.25999450683594,123.00733184814452,126.59933471679688,247117500,1,2.802837419569393,1
2020-08-19,125.23533630371094,127.4000015258789,122.74732971191406,124.33333587646484,183079500,2,-0.45360591168615016,0
2020-08-20,133.45533752441406,134.79933166503906,123.8040008544922,124.04533386230467,309177000,3,6.563643667445929,1
2020-08-21,136.6653289794922,139.69932556152344,135.00332641601562,136.3173370361328,322344000,4,2.4052926729070556,1
2020-08-24,134.27999877929688,141.93333435058594,128.50132751464844,141.7519989013672,300954000,0,-1.7453806448256226,0
2020-08-25,134.8893280029297,135.19667053222656,131.1999969482422,131.65933227539062,159883500,1,0.45377511853743613,1
2020-08-26,143.54466247558594,144.39999389648438,136.90866088867188,137.3333282470703,213591000,2,6.416619165356252,1
2020-08-27,149.25,153.0399932861328,142.8333282470703,145.36399841308594,355395000,3,3.9746079206424145,1
2020-08-28,147.55999755859375,154.5659942626953,145.76800537109375,153.00799560546875,301218000,4,-1.1323299439907841,0
2020-08-31,166.10667419433594,166.7133331298828,146.70333862304688,148.20333862304688,355123200,0,12.56890549105465,1
2020-09-01,158.35000610351562,167.49667358398438,156.836669921875,167.3800048828125,269523300,1,-4.669690804684601,0
2020-09-02,149.1233367919922,159.67999267578125,135.0399932861328,159.663330078125,288528300,2,-5.826756524083643,0
2020-09-03,135.6666717529297,143.93333435058594,134.0,135.7433319091797,262788300,3,-9.023849203316047,0
2020-09-04,139.44000244140625,142.6666717529297,124.00666809082033,134.27000427246094,330965700,4,2.7813247275265907,1
2020-09-08,110.06999969482422,122.913330078125,109.95999908447266,118.66666412353516,346397100,1,-21.062824320390796,0
2020-09-09,122.09333038330078,123.0,113.836669921875,118.86666870117188,238397400,2,10.923349433825734,1
2020-09-10,123.77999877929688,132.99667358398438,120.1866683959961,128.73666381835938,254791800,3,1.3814582587770685,1
2020-09-11,124.23999786376952,127.5,120.16666412353516,127.3133316040039,182152500,4,0.3716263443279244,1
2020-09-14,139.8733367919922,140.0,124.43333435058594,126.98332977294922,249061800,0,12.583177074234019,1
2020-09-15,149.9199981689453,153.97999572753906,143.56666564941406,145.52000427246094,291894600,1,7.182685140266343,1
2020-09-16,147.25332641601562,152.59666442871094,145.10333251953125,146.6233367919922,216837900,2,-1.7787298462508039,0
2020-09-17,141.14332580566406,145.92999267578125,136.0,138.53334045410156,230337600,3,-4.149312452942333,0
2020-09-18,147.38333129882812,150.3333282470703,142.93333435058594,149.31333923339844,259220400,4,4.421041843491591,1
2020-09-21,149.79666137695312,151.89332580566406,135.69000244140625,151.0433349609375,328430400,0,1.6374511668703073,1
2020-09-22,141.41000366210938,145.9199981689453,139.1999969482422,143.1999969482422,238742400,1,-5.5986946823462835,0
2020-09-23,126.7866668701172,137.38333129882812,125.2933349609375,135.05332946777344,285222600,2,-10.341090738483928,0
2020-09-24,129.26333618164062,133.1666717529297,117.0999984741211,121.26667022705078,289683300,3,1.95341463945935,1
2020-09-25,135.77999877929688,136.2433319091797,130.43333435058594,131.1566619873047,201625500,4,5.041385121376596,1
2020-09-28,140.39999389648438,142.69332885742188,138.51666259765625,141.5399932861328,149158800,0,3.4025594039789775,1
2020-09-29,139.69000244140625,142.8333282470703,137.1999969482422,138.6666717529297,150657900,1,-0.5056919415549199,0
2020-09-30,143.00332641601562,144.64332580566406,140.1566619873047,140.44000244140625,144436800,2,2.371912031427703,1
2020-10-01,149.3866729736328,149.6266632080078,144.80667114257812,146.9199981689453,152224500,3,4.463774876849502,1
2020-10-02,138.3633270263672,146.3766632080078,138.3333282470703,140.4633331298828,214290000,4,-7.379069181901709,0
2020-10-05,141.89332580566406,144.54666137695312,139.77667236328125,141.11666870117188,134168400,0,2.5512531789757986,1
2020-10-06,137.9933319091797,142.92666625976562,135.35000610351562,141.26333618164062,147438900,1,-2.748539351192436,0
2020-10-07,141.76666259765625,143.3000030517578,137.9499969482422,139.9566650390625,129383100,2,2.7344297266189477,1
2020-10-08,141.97332763671875,146.3333282470703,141.76666259765625,146.14666748046875,121263300,3,0.14577830589765917,1
2020-10-09,144.6666717529297,144.8633270263672,142.15333557128906,143.3766632080078,86777100,4,1.8970775433979181,1
2020-10-12,147.43333435058594,149.5800018310547,146.19332885742188,147.3333282470703,116373300,0,1.9124395163948371,1
2020-10-13,148.88333129882812,149.6300048828125,145.53334045410156,147.78334045410156,103391100,1,0.9834932884270176,1
2020-10-14,153.76666259765625,155.3000030517578,149.11666870117188,149.92666625976562,143639100,2,3.2799718116372834,1
2020-10-15,149.6266632080078,152.19000244140625,147.5,150.10333251953125,107017200,3,-2.692390743031925,0
2020-10-16,146.55667114257812,151.98333740234375,146.28334045410156,151.47999572753906,98327700,4,-2.051768046956881,0
2020-10-19,143.61000061035156,149.0,142.9566650390625,148.74667358398438,108863400,0,-2.0106014344170586,0
2020-10-20,140.64666748046875,143.9166717529297,139.68333435058594,143.9166717529297,94968900,1,-2.0634587544658856,0
2020-10-21,140.8800048828125,144.31666564941406,140.4166717529297,140.89999389648438,97111500,2,0.16590325709362475,1
2020-10-22,141.92999267578125,148.41000366210938,141.50332641601562,147.30667114257812,119979600,3,0.7453064711647084,1
2020-10-23,140.2100067138672,140.9633331298828,135.7933349609375,140.6133270263672,101151000,4,-1.2118551755604834,0
2020-10-26,140.0933380126953,141.9199981689453,136.6666717529297,137.2100067138672,84717600,0,-0.08320996760948773,0
2020-10-27,141.55999755859375,143.5,140.03334045410156,141.25332641601562,68059500,1,1.0469159823756513,1
2020-10-28,135.33999633789062,139.53334045410156,135.3333282470703,138.82666015625,76354200,2,-4.393897519056244,0
2020-10-29,136.94332885742188,139.35333251953125,135.48666381835938,136.65333557128906,67965900,3,1.1846701366300838,1
2020-10-30,129.34666442871094,135.8633270263672,126.37000274658205,135.63333129882812,127533900,4,-5.547305218949495,0
2020-11-02,133.50332641601562,135.66000366210938,130.76666259765625,131.3333282470703,87063300,0,3.213582666134873,1
2020-11-03,141.3000030517578,142.58999633789062,135.56333923339844,136.57666015625,103055100,1,5.840061701119437,1
2020-11-04,140.32666015625,145.13333129882812,139.03334045410156,143.5399932861328,96429300,2,-0.6888484603579825,0
2020-11-05,146.02999877929688,146.6666717529297,141.3333282470703,142.76666259765625,85243500,3,4.064330054386223,1
2020-11-06,143.31666564941406,145.52333068847656,141.42666625976562,145.36666870117188,65118000,4,-1.858065570474754,0
2020-11-09,140.4199981689453,150.8333282470703,140.3333282470703,146.5,104499000,0,-2.021165833954497,0
2020-11-10,136.7866668701172,140.02999877929688,132.00999450683594,140.02999877929688,90852600,1,-2.587474253102262,0
2020-11-11,139.0433349609375,139.56666564941406,136.86000061035156,138.81666564941406,52073100,2,1.64977197153513,1
2020-11-12,137.25332641601562,141.0,136.5066680908203,138.35000610351562,59565300,3,-1.2873745767280065,0
2020-11-13,136.1666717529297,137.50999450683594,133.8866729736328,136.9499969482422,59313300,4,-0.7917146283160204,0
2020-11-16,136.02999877929688,137.48333740234375,134.69667053222656,136.30999755859375,80515800,0,-0.10037182511209997,0
2020-11-17,147.20333862304688,154.0,144.336669921875,153.38999938964844,183564900,1,8.213879250177957,1
2020-11-18,162.2133331298828,165.3333282470703,147.8333282470703,149.4499969482422,234132000,2,10.196775866118779,1
2020-11-19,166.42333984375,169.5366668701172,162.52333068847656,164.0,187425900,3,2.5953518324515645,1
2020-11-20,163.20333862304688,167.5,163.02000427246094,165.99667358398438,98735700,4,-1.9348255020757876,0
2020-11-23,173.9499969482422,175.3333282470703,167.26333618164062,167.8333282470703,150780900,0,6.584827501609536,1
2020-11-24,185.1266632080078,186.663330078125,175.39999389648438,180.13333129882812,160945500,1,6.425217853318599,1
2020-11-25,191.3333282470703,191.3333282470703,181.7899932861328,183.35333251953125,146790600,2,3.3526586238356693,1
2020-11-27,195.2533264160156,199.5933380126953,192.8166656494141,193.72000122070312,112683300,4,2.048779585270877,1
2020-11-30,189.1999969482422,202.6000061035156,184.836669921875,200.73666381835935,189009300,0,-3.100243964538618,0
2020-12-01,194.9199981689453,199.28334045410156,190.6833343505859,199.19667053222656,120310500,1,3.0232565079099327,1
2020-12-02,189.6066741943359,190.51333618164065,180.40333557128903,185.47999572753903,143327100,2,-2.725899868931936,0
2020-12-03,197.7933349609375,199.6566619873047,194.1433258056641,196.67333984375,127656000,3,4.317707064578724,1
2020-12-04,199.67999267578125,199.67999267578125,195.1666717529297,197.0033264160156,88203900,4,0.953853028069096,1
2020-12-07,213.9199981689453,216.26333618164065,201.01666259765625,201.63999938964844,168929100,0,7.131413268972531,1
2020-12-08,216.6266632080078,217.0933380126953,206.1666717529297,208.5033264160156,192795000,1,1.265269756091203,1
2020-12-09,201.4933319091797,218.1066741943359,196.0,217.89666748046875,213873600,2,-6.985904262531573,0
2020-12-10,209.02333068847656,209.25,188.77999877929688,191.4566650390625,201249600,3,3.7370957678594108,1
2020-12-11,203.3300018310547,208.0,198.9333343505859,205.0033264160156,139425000,4,-2.723776737586814,0
2020-12-14,213.27667236328125,214.25,203.3999938964844,206.3333282470703,156121800,0,4.891885330572698,1
2020-12-15,211.0833282470703,215.63333129882812,207.9333343505859,214.4266662597656,135214500,1,-1.0284031966116491,0
2020-12-16,207.58999633789065,210.8333282470703,201.6666717529297,209.41000366210935,126287400,2,-1.6549539644792555,0
2020-12-17,218.63333129882812,219.6066741943359,206.5,209.39666748046875,168810300,3,5.319781856425498,1
2020-12-18,231.6666717529297,231.6666717529297,209.51333618164065,222.96665954589844,666378600,4,5.9612778969587055,1
2020-12-21,216.6199951171875,222.8333282470703,215.3566741943359,222.0800018310547,174135900,0,-6.494968189377415,0
2020-12-22,213.44667053222656,216.6266632080078,204.7433319091797,216.0,155148000,1,-1.464926902636221,0
2020-12-23,215.32666015625,217.1666717529297,207.52333068847656,210.73333740234375,99519000,2,0.8807772074100217,1
2020-12-24,220.58999633789065,222.02999877929688,213.6666717529297,214.3300018310547,68596800,3,2.444349518922251,1
2020-12-28,221.22999572753903,227.13333129882812,220.26666259765625,224.836669921875,96835800,0,0.2901307404113096,1
2020-12-29,221.9966735839844,223.3000030517578,218.3333282470703,220.3333282470703,68732400,1,0.3465523985226593,1
2020-12-30,231.5933380126953,232.1999969482422,222.7866668701172,224.0,128538000,2,4.322886588244468,1
2020-12-31,235.22332763671875,239.5733337402344,230.3733367919922,233.3300018310547,148949700,3,1.5673981191222541,1
2021-01-04,243.2566680908203,248.163330078125,239.06333923339844,239.82000732421875,145914600,0,3.415197180829077,1
2021-01-05,245.0366668701172,246.94667053222656,239.73333740234375,241.22000122070312,96735600,1,0.7317368906131216,1
2021-01-06,251.9933319091797,258.0,249.6999969482422,252.8300018310547,134100000,2,2.8390302267496503,1
2021-01-07,272.0133361816406,272.3299865722656,258.3999938964844,259.2099914550781,154496700,3,7.9446563608581044,1
2021-01-08,293.3399963378906,294.8299865722656,279.46331787109375,285.3333435058594,225166500,4,7.840299470467449,1
2021-01-11,270.39666748046875,284.80999755859375,267.8733215332031,283.1333312988281,177904800,0,-7.8214117215008265,0
2021-01-12,283.14666748046875,289.3333435058594,275.7799987792969,277.0,138812100,1,4.7152947996006445,1
2021-01-13,284.8033447265625,286.8233337402344,277.3333435058594,284.2533264160156,99937500,2,0.5850950889994211,1
2021-01-14,281.6666564941406,287.6666564941406,279.5833435058594,281.1300048828125,93798900,3,-1.1013523157297866,0
2021-01-15,275.38665771484375,286.6333312988281,273.0333251953125,284.0,116332800,4,-2.229585445953386,0
2021-01-19,281.51666259765625,283.3333435058594,277.6666564941406,279.26666259765625,76101000,1,2.2259629183487784,1
2021-01-20,283.48333740234375,286.5,279.09332275390625,286.2466735839844,76997700,2,0.698599786790699,1
2021-01-21,281.663330078125,285.239990234375,280.47332763671875,285.0,61563300,3,-0.6420156263490129,0
2021-01-22,282.21331787109375,282.6666564941406,276.2066650390625,278.10333251953125,60199500,4,0.19526425140830028,1
2021-01-25,293.6000061035156,300.1333312988281,279.6066589355469,285.0,123520200,0,4.034780611460365,1
2021-01-26,294.36334228515625,298.6333312988281,290.5333251953125,297.1266784667969,69394800,1,0.25999188207492807,1
2021-01-27,288.0533447265625,297.1666564941406,286.2200012207031,290.1166687011719,82002000,2,-2.143608477064074,0
2021-01-28,278.4766540527344,282.6666564941406,267.0,273.3333435058594,79134000,3,-3.3246240146660666,0
2021-01-29,264.510009765625,280.8033447265625,260.0333251953125,276.6666564941406,104972400,4,-5.015373491403896,0
2021-02-01,279.9366760253906,280.6666564941406,265.1866760253906,271.42999267578125,76174200,0,5.832167286763457,1
2021-02-02,290.92999267578125,293.5,280.73333740234375,281.55999755859375,73038600,1,3.9270726531715816,1
2021-02-03,284.89666748046875,292.6933288574219,284.35333251953125,292.3399963378906,55030500,2,-2.0738065332563282,0
2021-02-04,283.3299865722656,285.5,277.8066711425781,285.0,47438100,3,-0.5499119810906672,0
2021-02-05,284.07666015625,288.25665283203125,279.65667724609375,281.6666564941406,55699800,4,0.26353496607176563,1
2021-02-08,287.8066711425781,292.5899963378906,284.9166564941406,289.8900146484375,60485100,0,1.31302972383458,1
2021-02-09,283.1533203125,286.6000061035156,280.5833435058594,285.0400085449219,45473100,1,-1.6168321643152184,0
2021-02-10,268.2733459472656,281.6066589355469,266.67333984375,281.21331787109375,108648300,2,-5.255094430399831,0
2021-02-11,270.5533447265625,276.6266784667969,267.24334716796875,270.8133239746094,64868400,3,0.8498789811735685,1
2021-02-12,272.0400085449219,272.4433288574219,261.77667236328125,267.086669921875,71304900,4,0.5494900903412869,1
2021-02-16,265.40667724609375,273.6666564941406,264.14666748046875,272.6666564941406,59406900,1,-2.4383660823671716,0
2021-02-17,266.04998779296875,266.61334228515625,254.0033264160156,259.6966552734375,77989500,2,0.24238672272682837,1
2021-02-18,262.4599914550781,264.89666748046875,258.75665283203125,260.29998779296875,53871300,3,-1.3493691045324274,0
2021-02-19,260.4333190917969,265.5966796875,259.1233215332031,265.0,56874900,4,-0.7721833533733569,0
2021-02-22,238.1666717529297,256.1666564941406,236.73333740234375,254.2133331298828,111809100,0,-8.549845855559933,0
2021-02-23,232.94667053222656,237.8699951171875,206.3333282470703,220.7100067138672,199820700,1,-2.1917429429917368,0
2021-02-24,247.33999633789065,248.3333282470703,231.38999938964844,237.28334045410156,110301000,2,6.178807266392283,1
2021-02-25,227.4066619873047,245.73666381835935,223.52667236328125,242.0500030517578,117071700,3,-8.059082496045278,0
2021-02-26,225.1666717529297,235.5666656494141,219.836669921875,233.3333282470703,123267600,4,-0.9850152211020369,0
2021-03-01,239.47666931152344,239.6666717529297,228.3500061035156,230.0366668701172,81408600,0,6.3552911481925545,1
2021-03-02,228.81333923339844,240.3699951171875,228.3333282470703,239.4266662597656,71196600,1,-4.452763648659907,0
2021-03-03,217.73333740234375,233.5666656494141,217.23666381835935,229.3300018310547,90624000,2,-4.842375828339563,0
2021-03-04,207.14666748046875,222.8166656494141,200.0,218.6000061035156,197758500,3,-4.862218183112754,0
2021-03-05,199.3166656494141,209.27999877929688,179.8300018310547,208.68666076660156,268189500,4,-3.7799313531282963,0
2021-03-08,187.6666717529297,206.7100067138672,186.26333618164065,200.1833343505859,155361000,0,-5.84496728285433,0
2021-03-09,224.52667236328125,226.02999877929688,198.40333557128903,202.72666931152344,202569900,1,19.64120760817838,1
2021-03-10,222.68666076660156,239.28334045410156,218.35333251953125,233.4333343505859,181817100,2,-0.8195069108326569,0
2021-03-11,233.1999969482422,234.1666717529297,225.72666931152344,233.13333129882812,108761700,3,4.721134236531421,1
2021-03-12,231.2433319091797,231.6266632080078,222.04666137695312,223.3333282470703,100751400,4,-0.8390501992574073,0
2021-03-15,235.97999572753903,237.72666931152344,228.01333618164065,231.3633270263672,88006800,0,2.0483461206222575,1
2021-03-16,225.6266632080078,235.97332763671875,223.6666717529297,234.4499969482422,96587100,1,-4.387377195940423,0
2021-03-17,233.93666076660156,234.57666015625,217.0033264160156,218.9566650390625,121117500,2,3.6830742610117317,1
2021-03-18,217.72000122070312,229.7433319091797,217.3333282470703,228.09666442871097,99674400,3,-6.932072763951169,0
2021-03-19,218.2899932861328,219.07666015625,208.2066650390625,215.53334045410156,128682000,4,0.26180050626212203,1
2021-03-22,223.3333282470703,233.2066650390625,222.9166717529297,228.19667053222656,118536600,0,2.3103830299388672,1
2021-03-23,220.72000122070312,225.9333343505859,219.1699981689453,225.2566680908203,91475700,1,-1.170146456365928,0
2021-03-24,210.08999633789065,222.67333984375,210.0366668701172,222.6366729736328,101385600,2,-4.816058727810213,0
2021-03-25,213.4633331298828,215.1666717529297,203.1666717529297,204.3333282470703,117674700,3,1.6056627401557888,1
2021-03-26,206.23666381835935,214.6066741943359,199.9633331298828,213.9566650390625,101558400,4,-3.385438241576766,0
2021-03-29,203.76333618164065,205.4933319091797,198.67333984375,205.2133331298828,85911000,0,-1.1992667021112458,0
2021-03-30,211.8733367919922,212.55332946777344,197.0033264160156,200.5833282470703,118297200,1,3.98010788512122,1
2021-03-31,222.6433258056641,224.0,213.70333862304688,215.5399932861328,100011900,2,5.083220558444035,1
2021-04-01,220.5833282470703,230.80667114257812,219.80667114257812,229.4566650390625,105895200,3,-0.9252455923120073,0
2021-04-05,230.3500061035156,236.05332946777344,228.23333740234375,235.90333557128903,125528400,0,4.427659122771899,1
2021-04-06,230.5399932861328,232.1833343505859,227.1233367919922,230.1000061035156,84815400,1,0.08247761127986308,1
2021-04-07,223.6566619873047,230.4600067138672,222.6133270263672,229.0,78928200,2,-2.985742820893089,0
2021-04-08,227.9333343505859,229.8500061035156,223.88333129882812,225.7933349609375,71772900,3,1.9121596134364038,1
2021-04-09,225.67333984375,226.9900054931641,223.1433258056641,225.92333984375,64311300,4,-0.9915155733034586,0
2021-04-12,233.9933319091797,234.9333343505859,227.3633270263672,228.5666656494141,87407100,0,3.686741230129442,1
2021-04-13,254.1066741943359,254.3333282470703,236.8866729736328,237.5666656494141,133958400,1,8.59569036478478,1
2021-04-14,244.07666015625,260.2633361816406,242.6766662597656,256.8999938964844,147052200,2,-3.947166704647498,0
2021-04-15,246.28334045410156,247.89666748046875,240.43666076660156,247.6999969482422,83546700,3,0.9040931223980753,1
2021-04-16,246.5933380126953,249.80332946777344,241.53334045410156,242.88333129882812,83938500,4,0.12587029151958085,1
2021-04-19,238.2100067138672,241.8000030517578,230.6000061035156,239.86666870117188,119058600,0,-3.3996584686308617,0
2021-04-20,239.663330078125,245.75,236.89666748046875,239.13999938964844,106827000,1,0.6101017267521991,1
2021-04-21,248.0399932861328,248.27999877929688,232.6666717529297,234.92333984375,93646500,2,3.4951793439894185,1
2021-04-22,239.89666748046875,251.2566680908203,239.34666442871097,247.1666717529297,106770900,3,-3.283069676699324,0
2021-04-23,243.13333129882812,245.7866668701172,238.48666381835935,239.9333343505859,85110000,4,1.3491908213451476,1
2021-04-26,246.0666656494141,249.76666259765625,244.20333862304688,247.0,93115500,0,1.2064715006025573,1
2021-04-27,234.913330078125,241.3333282470703,234.4499969482422,239.32000732421875,88311000,1,-4.532647907368292,0
2021-04-28,231.46665954589844,236.1666717529297,231.1999969482422,232.1366729736328,66813000,2,-1.4672094304228334,0
2021-04-29,225.6666717529297,234.0833282470703,222.8333282470703,233.1699981689453,86536200,3,-2.505755171974844,0
2021-04-30,236.47999572753903,238.4900054931641,222.04666137695312,222.52999877929688,122276100,4,4.791723957558203,1
2021-05-03,228.3000030517578,235.3333282470703,226.8333282470703,234.6000061035156,81129300,0,-3.4590632711300584,0
2021-05-04,224.53334045410156,227.8166656494141,219.23333740234375,226.31333923339844,89217900,1,-1.649874089928205,0
2021-05-05,223.64666748046875,228.4333343505859,222.44667053222656,227.02000427246097,65705700,2,-0.39489590803735153,0
2021-05-06,221.17999267578125,227.0066680908203,216.6666717529297,226.9199981689453,83353800,3,-1.1029338520784915,0
2021-05-07,224.1233367919922,230.0,220.0733337402344,221.9333343505859,70407600,4,1.3307460953421169,1
2021-05-10,209.67999267578125,221.6833343505859,209.20333862304688,221.63333129882812,94177200,0,-6.444373139784076,0
2021-05-11,205.73333740234375,209.03334045410156,198.53334045410156,199.7466735839844,139511700,1,-1.8822278764288325,0
2021-05-12,196.6300048828125,206.80332946777344,195.58999633789065,200.8300018310547,101470800,2,-4.424821292685421,0
2021-05-13,190.56333923339844,202.15333557128903,186.5500030517578,200.51333618164065,132554700,3,-3.0853203980896415,0
2021-05-14,196.5800018310547,197.6233367919922,190.15333557128903,194.47000122070312,100112700,4,3.157303299711356,1
2021-05-17,192.27667236328125,196.57666015625,187.0666656494141,191.8500061035156,97171200,0,-2.189098294684022,0
2021-05-18,192.6233367919922,198.75,187.7933349609375,189.3333282470703,110491800,1,0.18029458511532592,1
2021-05-19,187.82000732421875,188.73666381835935,182.32666015625,184.1833343505859,118735200,2,-2.493638386588848,0
2021-05-20,195.5933380126953,196.28334045410156,190.3566741943359,191.6666717529297,92463300,3,4.138712802336375,1
2021-05-21,193.6266632080078,198.8933258056641,193.3333282470703,198.70333862304688,78091800,4,-1.0054917128925145,0
2021-05-24,202.14666748046875,204.82666015625,191.21665954589844,193.86666870117188,103674300,0,4.40022264046771,1
2021-05-25,201.56333923339844,204.663330078125,198.57000732421875,202.43666076660156,84017700,1,-0.2885668382965889,0
2021-05-26,206.3766632080078,208.72332763671875,200.5,202.52000427246097,85917900,2,2.3879957500782645,1
2021-05-27,210.28334045410156,210.3766632080078,205.40333557128903,206.7466735839844,79111800,3,1.8929840154243482,1
2021-05-28,208.4066619873047,211.8633270263672,207.4600067138672,209.5,68211000,4,-0.8924522802159385,0
2021-06-01,207.96665954589844,211.26666259765625,206.8500061035156,209.26666259765625,54254700,1,-0.2111268599623961,0
2021-06-02,201.7066650390625,207.7866668701172,199.7133331298828,206.7100067138672,69908400,2,-3.0100952337768105,0
2021-06-03,190.94667053222656,201.51666259765625,190.4066619873047,200.6000061035156,90335700,3,-5.334476431283097,0
2021-06-04,199.6833343505859,200.20333862304688,192.3999938964844,193.23666381835935,72110700,4,4.575447057551507,1
2021-06-07,201.7100067138672,203.3333282470703,194.2933349609375,197.27667236328125,67631100,0,1.0149431698305955,1
2021-06-08,201.19667053222656,207.69667053222656,198.5,207.6699981689453,78160200,1,-0.2544921741878703,0
2021-06-09,199.5933380126953,203.92999267578125,199.2100067138672,200.72332763671875,49753800,2,-0.7968981371759054,0
2021-06-10,203.3733367919922,205.52999877929688,200.1666717529297,201.2933349609375,71758800,3,1.8938501740255687,1
2021-06-11,203.29666137695312,204.18666076660156,200.5066680908203,203.41000366210935,48615900,4,-0.03770180312155924,0
2021-06-14,205.89666748046875,208.4966735839844,203.05999755859375,204.07666015625,61272000,0,1.2789221849023313,1
2021-06-15,199.7866668701172,205.59666442871097,199.41000366210935,205.56333923339844,53292300,1,-2.967508257962048,0
2021-06-16,201.6233367919922,202.8333282470703,197.8333282470703,199.17999267578125,66432300,2,0.9193155632698069,1
2021-06-17,205.53334045410156,207.1566619873047,200.44667053222656,200.6300048828125,68104200,3,1.9392614586788648,1
2021-06-18,207.77000427246097,209.4499969482422,203.9333343505859,204.4566650390625,73682700,4,1.0882243306209016,1
2021-06-21,206.94332885742188,210.4633331298828,202.9600067138672,208.16000366210935,74438100,0,-0.39788005873794274,0
2021-06-22,207.90333557128903,209.52333068847656,205.1666717529297,206.0833282470703,57476700,1,0.4638983624973836,1
2021-06-23,218.8566741943359,219.0666656494141,210.01333618164065,210.6666717529297,93297600,2,5.268476618207507,1
2021-06-24,226.6066741943359,232.5399932861328,222.5366668701172,224.9966735839844,137947200,3,3.5411302984154513,1
2021-06-25,223.9566650390625,231.27000427246097,222.8999938964844,229.86000061035156,97490100,4,-1.1694312026312104,0
2021-06-28,229.5733337402344,231.5666656494141,223.44000244140625,223.8800048828125,64884600,0,2.5079265670402195,1
2021-06-29,226.9199981689453,229.1699981689453,225.29666137695312,228.21665954589844,52143900,1,-1.1557681931349095,0
2021-06-30,226.5666656494141,230.93666076660156,226.04666137695312,226.58999633789065,56774700,2,-0.15570796861551495,0
2021-07-01,225.97332763671875,229.3300018310547,224.26666259765625,227.97332763671875,55903500,3,-0.26188230779432553,0
2021-07-02,226.3000030517578,233.3333282470703,224.4199981689453,226.32666015625,81163500,4,0.14456370513082906,1
2021-07-06,219.86000061035156,228.0,217.13333129882812,227.23666381835935,69853500,1,-2.8457809785947474,0
2021-07-07,214.88333129882812,221.8999938964844,212.77333068847656,221.42333984375,56376000,2,-2.263562857139878,0
2021-07-08,217.60333251953125,218.1433258056641,206.82000732421875,209.4566650390625,68319900,3,1.2658037290573132,1
2021-07-09,218.98333740234375,219.6366729736328,214.89666748046875,217.72666931152344,54421500,4,0.6341837079579804,1
2021-07-12,228.5666656494141,229.0800018310547,220.72000122070312,220.73333740234375,77781000,0,4.37628194032984,1
2021-07-13,222.84666442871097,231.0933380126953,222.1000061035156,228.77333068847656,62898300,1,-2.50255268170938,0
2021-07-14,217.7933349609375,226.20333862304688,217.6133270263672,223.5833282470703,64923600,2,-2.2676262535623604,0
2021-07-15,216.86666870117188,222.04666137695312,212.6266632080078,219.4633331298828,60628800,3,-0.4254796226577984,0
2021-07-16,214.7400054931641,218.8999938964844,214.0666656494141,218.22666931152344,49113000,4,-0.9806316575730611,0
2021-07-19,215.4066619873047,215.73333740234375,207.09666442871097,209.9633331298828,63891300,0,0.3104482057777691,1
2021-07-20,220.1666717529297,220.79666137695312,213.5,217.3300018310547,46461300,1,2.209778342837665,1
2021-07-21,218.42999267578125,221.6199951171875,216.76333618164065,219.8699951171875,41859900,2,-0.7888019850240235,0
2021-07-22,216.4199981689453,220.72332763671875,214.86666870117188,218.81333923339844,45317100,3,-0.9202007847976312,0
2021-07-23,214.4600067138672,216.26666259765625,212.4333343505859,215.45333862304688,43814700,4,-0.9056424875986235,0
2021-07-26,219.2066650390625,222.73333740234375,215.70333862304688,216.9900054931641,76009800,0,2.2133069927244398,1
2021-07-27,214.9266662597656,222.1666717529297,209.0800018310547,221.13333129882812,98439900,1,-1.9524948196872671,0
2021-07-28,215.66000366210935,218.3233337402344,213.13333129882812,215.6666717529297,48019800,2,0.34120354402995545,1
2021-07-29,225.78334045410156,227.89666748046875,216.26666259765625,216.59666442871097,91183800,3,4.694118807423009,1
2021-07-30,229.0666656494141,232.5099945068359,223.0,223.9199981689453,88969200,4,1.4541928508582602,1
2021-08-02,236.55667114257812,242.31333923339844,232.8000030517578,233.3333282470703,100847400,0,3.2697928666004517,1
2021-08-03,236.5800018310547,240.88333129882812,233.6699981689453,239.6666717529297,64860900,1,0.009862621233169833,1
2021-08-04,236.97332763671875,241.63333129882812,236.30999755859375,237.0,51007800,2,0.1662548831768751,1
2021-08-05,238.2100067138672,240.3166656494141,237.1366729736328,238.6666717529297,38758800,3,0.5218642492307302,1
2021-08-06,233.03334045410156,238.77667236328125,232.5433349609375,237.3000030517578,46869000,4,-2.1731523084098314,0
2021-08-09,237.9199981689453,239.6766662597656,235.0433349609375,236.72332763671875,44145900,0,2.0969779282747014,1
2021-08-10,236.663330078125,238.8633270263672,233.9600067138672,237.9966735839844,40296900,1,-0.5281893495678203,0
2021-08-11,235.94000244140625,238.3933258056641,234.73666381835935,237.57000732421875,29401800,2,-0.3056357047287239,0
2021-08-12,240.75,240.9333343505859,233.13333129882812,235.44667053222656,52377300,3,2.0386528392057013,1
2021-08-13,239.05667114257812,243.3000030517578,238.1133270263672,241.23666381835935,50194500,4,-0.7033557040173943,0
2021-08-16,228.72332763671875,236.5,225.46665954589844,235.02333068847656,68032200,0,-4.3225497353706395,0
2021-08-17,221.90333557128903,224.86000061035156,216.27999877929688,224.22000122070312,71163900,1,-2.981764971635037,0
2021-08-18,229.663330078125,231.92333984375,223.11666870117188,223.25,61048200,2,3.497015710402862,1
2021-08-19,224.4900054931641,228.8500061035156,222.52999877929688,226.07000732421875,42940500,3,-2.2525688289902868,0
2021-08-20,226.7533264160156,230.7100067138672,224.5666656494141,227.61666870117188,44525700,4,1.0082056516856452,1
2021-08-23,235.4333343505859,237.3766632080078,226.9166717529297,228.47999572753903,60794700,0,3.8279517534598018,1
2021-08-24,236.163330078125,238.4066619873047,234.2133331298828,236.8933258056641,39249300,1,0.31006472789960604,1
2021-08-25,237.0666656494141,238.9900054931641,234.6666717529297,235.6766662597656,37936800,2,0.38250458739308435,1
2021-08-26,233.72000122070312,238.46665954589844,232.5399932861328,236.10333251953125,39642900,3,-1.411697599720818,0
2021-08-27,237.30667114257812,238.3333282470703,234.03334045410156,235.0,41501400,4,1.534601190801843,1
2021-08-30,243.6366729736328,243.6666717529297,237.57666015625,238.2400054931641,55812600,0,2.667435264494311,1
2021-08-31,245.2400054931641,246.79666137695312,242.14666748046875,244.3333282470703,62566200,1,0.6580834075438302,1
2021-09-01,244.69667053222656,247.3300018310547,243.7566680908203,244.69332885742188,39612900,2,-0.22155233598405433,0
2021-09-02,244.1300048828125,246.9900054931641,243.51333618164065,244.8333282470703,38331900,3,-0.2315788147756681,0
2021-09-03,244.52333068847656,244.6666717529297,241.3999938964844,244.0833282470703,45738300,4,0.16111325842673718,1
2021-09-07,250.97332763671875,253.3999938964844,246.4199981689453,246.6666717529297,60119400,1,2.637783858939624,1
2021-09-08,251.2899932861328,254.8166656494141,246.92333984375,253.86000061035156,56379000,2,0.12617502122473923,1
2021-09-09,251.6199951171875,254.03334045410156,250.5433349609375,251.1366729736328,42233100,3,0.1313231087076927,1
2021-09-10,245.42333984375,254.20333862304688,244.83999633789065,253.1999969482422,45552600,4,-2.4627038366134335,0
2021-09-13,247.6666717529297,248.2599945068359,236.28334045410156,246.73666381835935,68857500,0,0.914066245943812,1
2021-09-14,248.163330078125,251.4900054931641,245.46665954589844,247.52333068847656,55574700,1,0.20053498586631857,1
2021-09-15,251.94332885742188,252.2866668701172,246.1199951171875,248.3333282470703,46073100,2,1.5231899000174076,1
2021-09-16,252.3300018310547,252.97000122070312,249.20333862304688,250.94332885742188,41770200,3,0.15347617076681974,1
2021-09-17,253.163330078125,253.67999267578125,250.0,252.38333129882812,84612600,4,0.33025333532406,1
2021-09-20,243.38999938964844,247.3333282470703,239.5399932861328,244.85333251953125,74273100,0,-3.860484330594227,0
2021-09-21,246.4600067138672,248.2466735839844,243.47999572753903,244.92999267578125,48992100,1,1.2613531089680885,1
2021-09-22,250.64666748046875,251.22332763671875,246.3733367919922,247.8433380126953,45378900,2,1.69871810945057,1
2021-09-23,251.2133331298828,252.73333740234375,249.30667114257812,251.6666717529297,35842500,3,0.22608146164888598,1
2021-09-24,258.1300048828125,258.26666259765625,248.18666076660156,248.6300048828125,64119000,4,2.7533059916662994,1
2021-09-27,263.78668212890625,266.3333435058594,256.4366760253906,257.7066650390625,84212100,0,2.191406322043732,1
2021-09-28,259.1866760253906,265.21331787109375,255.3933258056641,262.3999938964844,76144200,1,-1.7438356123178789,0
2021-09-29,260.4366760253906,264.5,256.8933410644531,259.9333190917969,62828700,2,0.4822778775393388,1
2021-09-30,258.49334716796875,263.0433349609375,258.3333435058594,260.3333435058594,53868000,3,-0.7461809477373404,0
2021-10-01,258.40667724609375,260.260009765625,254.52999877929688,259.4666748046875,51094200,4,-0.03352887910832436,0
2021-10-04,260.510009765625,268.989990234375,258.7066650390625,265.5,91449900,0,0.8139621398127295,1
2021-10-05,260.1966552734375,265.7699890136719,258.0666809082031,261.6000061035156,55297800,1,-0.1202850103416031,0
2021-10-06,260.9166564941406,262.2200012207031,257.739990234375,258.73333740234375,43898400,2,0.27671424905384434,1
2021-10-07,264.53668212890625,268.3333435058594,261.1266784667969,261.82000732421875,57587400,3,1.3874260399496352,1
2021-10-08,261.8299865722656,265.4599914550781,260.3033447265625,265.4033203125,50215800,4,-1.0231834522373306,0
2021-10-11,263.9800109863281,267.0799865722656,261.8333435058594,262.54998779296875,42600900,0,0.8211528565575943,1
2021-10-12,268.5733337402344,270.7733459472656,265.5233459472656,266.9766540527344,66060000,1,1.7400267303360861,1
2021-10-13,270.3599853515625,271.8033447265625,268.59332275390625,270.15667724609375,42360300,2,0.6652379022320076,1
2021-10-14,272.7733459472656,273.4166564941406,271.1166687011719,271.8299865722656,36741600,3,0.8926471099504285,1
2021-10-15,281.010009765625,281.07000732421875,274.1166687011719,274.5799865722656,56773800,4,3.0195999501915205,1
2021-10-18,290.03668212890625,291.7533264160156,283.8233337402344,283.92999267578125,72621600,0,3.212224493643445,1
2021-10-19,288.0899963378906,292.6499938964844,287.5033264160156,292.510009765625,52143300,1,-0.6711860640270406,0
2021-10-20,288.6000061035156,289.8299865722656,285.7933349609375,288.45001220703125,42096300,2,0.1770314041126264,1
2021-10-21,298.0,300.0,285.1666564941406,285.3333435058594,94444500,3,3.257101073349511,1
2021-10-22,303.2266540527344,303.3333435058594,296.9866638183594,298.5,68642400,4,1.7539107559511269,1
2021-10-25,341.6199951171875,348.3399963378906,314.73333740234375,316.84332275390625,188556300,0,12.661598362581984,1
2021-10-26,339.4766540527344,364.9800109863281,333.8133239746094,341.5633239746094,187245000,1,-0.6274050392506725,0
2021-10-27,345.9533386230469,356.9599914550781,343.59332275390625,346.5533447265625,115579500,2,1.9078438805710585,1
2021-10-28,359.0133361816406,360.3333435058594,351.3999938964844,356.10333251953125,81639600,3,3.775074872979922,1
2021-10-29,371.3333435058594,371.7366638183594,357.7366638183594,360.6199951171875,89755200,4,3.431629436179362,1
2021-11-01,402.86334228515625,403.25,372.88665771484375,381.6666564941406,168146100,0,8.49102277797451,1
2021-11-02,390.6666564941406,402.86334228515625,382.0,386.4533386230469,128213400,1,-3.027499529203259,0
2021-11-03,404.6199951171875,405.1300048828125,384.2066650390625,392.4433288574219,103885500,2,3.5716738019734517,1
2021-11-04,409.9700012207031,414.4966735839844,405.6666564941406,411.4700012207031,76192200,3,1.3222297879683653,1
2021-11-05,407.36334228515625,413.2900085449219,402.6666564941406,409.3333435058594,64886400,4,-0.6358169933862068,0
2021-11-08,387.6466674804687,399.0,377.6666564941406,383.2633361816406,100337100,0,-4.840070953386322,0
2021-11-09,341.1666564941406,391.5,337.17333984375,391.2000122070313,177317400,1,-11.990303254359835,0
2021-11-10,355.98333740234375,359.3666687011719,329.10333251953125,336.8033447265625,128408100,2,4.342945192962477,1
2021-11-11,354.5033264160156,368.3233337402344,351.55999755859375,367.5899963378906,67189800,3,-0.41575288246016306,0
2021-11-12,344.47332763671875,351.5,339.73333740234375,349.1666564941406,76719300,4,-2.829310201599211,0
2021-11-15,337.7966613769531,343.99334716796875,326.20001220703125,339.2099914550781,104326800,0,-1.938224449936754,0
2021-11-16,351.57666015625,352.3999938964844,334.05999755859375,334.4366760253906,79627200,1,4.079376842602822,1
2021-11-17,363.0033264160156,373.21331787109375,351.8333435058594,354.5033264160156,94336200,2,3.2501208284666294,1
2021-11-18,365.4599914550781,370.6666564941406,358.3399963378906,368.8500061035156,62696700,3,0.6767610267700563,1
2021-11-19,379.0199890136719,379.5733337402344,364.23333740234375,366.2900085449219,64926900,4,3.7103918009204317,1
2021-11-22,385.6233215332031,400.6499938964844,377.4766540527344,387.4433288574219,99217500,0,1.7422122080461122,1
2021-11-23,369.6766662597656,393.5,354.23333740234375,389.1700134277344,108515100,1,-4.135293272729212,0
2021-11-24,372.0,377.5899963378906,354.0,360.1300048828125,67680600,2,0.6284772484400847,1
2021-11-26,360.6400146484375,369.59332275390625,360.3333435058594,366.489990234375,35042700,4,-3.0537595031082,0
2021-11-29,378.9966735839844,380.8900146484375,366.7300109863281,366.9966735839844,58393500,0,5.090022790022752,1
2021-11-30,381.586669921875,389.3333435058594,372.6666564941406,381.4566650390625,81276000,1,0.6833823403773698,1
2021-12-01,365.0,390.9466552734375,363.586669921875,386.8999938964844,68450400,2,-4.346763456194869,0
2021-12-02,361.5333251953125,371.0,352.2166748046875,366.3533325195313,73114800,3,-0.949773919092467,0
2021-12-03,338.3233337402344,363.5266723632813,333.4033203125,361.5966796875,92322000,4,-6.419876077133225,0
2021-12-06,336.336669921875,340.5466613769531,316.8333435058594,333.836669921875,81663000,0,-0.5872086315763081,0
2021-12-07,350.5833435058594,352.5566711425781,342.2699890136719,348.0666809082031,56084700,1,4.235837141187604,1
2021-12-08,356.32000732421875,357.4599914550781,344.3333435058594,350.9033203125,41906400,2,1.6363195584229162,1
2021-12-09,334.6000061035156,354.163330078125,334.1199951171875,353.5466613769531,59438400,3,-6.095644581905246,0
2021-12-10,339.010009765625,340.32666015625,327.510009765625,336.25,59664300,4,1.3179927022311633,1
2021-12-13,322.13665771484375,335.0,317.1400146484375,333.6966552734375,78595500,0,-4.9772430207729474,0
2021-12-14,319.5033264160156,322.13665771484375,310.0,315.0,70806300,1,-0.8174578197676419,0
2021-12-15,325.3299865722656,326.25,309.4166564941406,317.7366638183594,75169200,2,1.8236618133556703,1
2021-12-16,308.97332763671875,331.6600036621094,307.2833251953125,331.5,82771500,3,-5.027713279025869,0
2021-12-17,310.8566589355469,320.2200012207031,303.0133361816406,304.92333984375,100437300,4,0.6095449446181567,1
2021-12-20,299.9800109863281,307.2300109863281,297.7966613769531,303.5666809082031,56480100,0,-3.498927121736173,0
2021-12-21,312.84332275390625,313.1666564941406,295.3733215332031,305.6233215332031,71517900,1,4.288056302579579,1
2021-12-22,336.2900085449219,338.5533447265625,319.01666259765625,321.88665771484375,93634200,2,7.494705523716627,1
2021-12-23,355.6666564941406,357.6600036621094,332.5199890136719,335.6000061035156,92713200,3,5.761886305530961,1
2021-12-27,364.6466674804687,372.3333435058594,356.90667724609375,357.8900146484375,71145900,0,2.5248391499066436,1
2021-12-28,362.8233337402344,373.0,359.47332763671875,369.8299865722656,60324000,1,-0.5000275342793237,0
2021-12-29,362.0633239746094,368.0,354.71331787109375,366.21331787109375,56154000,2,-0.20947102761840197,0
2021-12-30,356.7799987792969,365.1833190917969,351.04998779296875,353.77667236328125,47040900,3,-1.4592268383646134,0
2021-12-31,352.260009765625,360.6666564941406,351.5299987792969,357.8133239746094,40733700,4,-1.2668840823859995,0
